{"loss": [0.11485425382852554, 0.09603525698184967, 0.0898088589310646, 0.08587026596069336, 0.08372285962104797, 0.08217398822307587, 0.08134766668081284, 0.07861039787530899, 0.079071544110775, 0.07714247703552246, 0.07614884525537491, 0.07599557191133499, 0.07606708258390427, 0.07436199486255646, 0.07354706525802612, 0.07322856038808823, 0.0720142051577568, 0.0715356171131134, 0.0711010992527008, 0.07095129042863846, 0.06732799857854843, 0.06688046455383301, 0.06642322987318039, 0.06612758338451385, 0.0642695501446724, 0.06386534869670868, 0.06408575922250748, 0.06388245522975922, 0.06354875862598419, 0.06330178678035736, 0.06255412846803665, 0.06242257356643677, 0.06240702420473099, 0.06209440901875496, 0.06229225918650627, 0.06153231859207153, 0.06137387454509735], "val_loss": [0.09284786880016327, 0.08851929754018784, 0.08285282552242279, 0.0814339891076088, 0.0804065614938736, 0.08715637028217316, 0.08072497695684433, 0.07880990207195282, 0.08008302003145218, 0.08529799431562424, 0.07826538383960724, 0.08237118273973465, 0.07842367142438889, 0.0765804722905159, 0.0799504965543747, 0.08041968196630478, 0.07606132328510284, 0.07748136669397354, 0.07676472514867783, 0.07851406186819077, 0.07512284815311432, 0.07618218660354614, 0.07726219296455383, 0.07739203423261642, 0.07638142257928848, 0.07489011436700821, 0.07407818734645844, 0.07562039792537689, 0.07426009327173233, 0.07583130151033401, 0.074557363986969, 0.07389989495277405, 0.07486392557621002, 0.07421621680259705, 0.07468362152576447, 0.07503742724657059, 0.07410328835248947], "learning_rate": [9.999999747378752e-05, 9.999999747378752e-05, 9.999999747378752e-05, 9.999999747378752e-05, 9.999999747378752e-05, 9.999999747378752e-05, 9.999999747378752e-05, 9.999999747378752e-05, 9.999999747378752e-05, 9.999999747378752e-05, 9.999999747378752e-05, 9.999999747378752e-05, 9.999999747378752e-05, 9.999999747378752e-05, 9.999999747378752e-05, 9.999999747378752e-05, 9.999999747378752e-05, 9.999999747378752e-05, 9.999999747378752e-05, 9.999999747378752e-05, 4.999999873689376e-05, 4.999999873689376e-05, 4.999999873689376e-05, 4.999999873689376e-05, 2.499999936844688e-05, 2.499999936844688e-05, 2.499999936844688e-05, 2.499999936844688e-05, 2.499999936844688e-05, 2.499999936844688e-05, 1.249999968422344e-05, 1.249999968422344e-05, 1.249999968422344e-05, 1.249999968422344e-05, 1.249999968422344e-05, 6.24999984211172e-06, 6.24999984211172e-06]}